Activity Id,Date,Type,Route Name,Distance (km),Duration,Average Pace,Average Speed (km/h),Calories Burned,Climb (m),Average Heart Rate (bpm),Friend's Tagged,Notes,GPX File
210d0635-2672-4aa0-b129-8d5721e75fa1,2023-09-04 18:53:47,Running,,1.16,10:35,9:09,6.56,97.0,24,,"","",2023-09-04-185347.gpx
53093fb6-01f1-4106-9d42-36712949f5d4,2023-01-27 21:14:07,Other,,3.09,30:35,9:53,6.07,210.0,0,131,"","",
e1e459a6-5a90-445f-aed8-3a1d8d07a76a,2023-01-26 12:52:08,Other,,1.15,12:09,10:33,5.69,79.0,0,127,"","",
9f22f5f3-067e-4288-aa40-b3c88d8431be,2023-01-26 11:59:16,Other,,1.07,11:31,10:44,5.59,63.0,0,126,"","",
94f81448-e741-4677-98e1-642224e4ebbb,2023-01-25 19:40:50,Other,,1.54,10:36,6:54,8.69,79.0,0,140,"","",
c01d33d8-ca25-446e-9d8f-8a7174043425,2023-01-25 19:36:51,Other,,0.54,3:51,7:05,8.48,26.0,0,121,"","",
65a25567-e302-43e6-980c-2db17087747d,2023-01-25 19:21:00,Other,,2.56,15:29,6:02,9.94,105.0,0,141,"","",
232f0278-9780-471e-b690-8adb81e78f5d,2023-01-25 18:44:04,Other,,0.16,8:26,53:23,1.12,34.0,0,106,"","",
ba309ca6-1ef6-4907-917e-2029f20cf6f0,2023-01-25 18:01:04,Other,,0.59,6:11,10:27,5.74,40.0,0,133,"","",
586a5b98-54f0-4748-8d87-ac50219ab8ab,2023-01-25 17:44:22,Other,,0.22,2:22,10:57,5.48,8.0,0,108,"","",
17f2ac84-78e1-4a7f-a6fc-70350fa09501,2023-01-25 17:33:52,Other,,0.18,1:58,11:03,5.43,9.0,0,111,"","",
0636c5e6-e948-44b3-830c-c9b65e485b2d,2023-01-25 17:24:29,Other,,0.59,6:56,11:43,5.12,27.0,0,108,"","",
5c6544c6-e5f6-4908-8b59-1f7a5b2f951e,2023-01-25 16:08:39,Other,,0.01,1:32,139:24,0.43,1.0,0,66,"","",
53a079cf-271a-4d17-b613-2ffa447d2a79,2023-01-25 06:56:00,Other,,0.40,6:55,17:10,3.50,32.0,0,112,"","",
b53b8f5d-35a5-4ed4-b23b-e5b61ed7aea7,2023-01-24 17:41:18,Other,,0.74,10:14,13:45,4.36,26.0,0,97,"","",
bdb81b64-8ed5-4f30-8951-9d7fc5bd698d,2023-01-23 19:18:05,Other,,4.62,28:23,6:09,9.76,206.0,0,143,"","",
6e058391-7008-404a-999d-dea2dc09c793,2023-01-23 17:15:40,Other,,1.89,20:05,10:39,5.63,98.0,0,112,"","",
efd19394-5f8f-4263-8ca6-5ebf06c3083a,2023-01-23 12:37:02,Other,,1.13,11:43,10:24,5.77,58.0,0,117,"","",
d8374935-f62e-4756-8245-72385d2cbf20,2023-01-23 09:26:43,Other,,0.28,6:17,22:46,2.64,31.0,0,121,"","",
df0aa7d2-b681-4f29-9215-9cb05e35c17c,2023-01-23 07:47:12,Other,,0.68,8:35,12:38,4.75,39.0,0,104,"","",
cd12af2f-5edd-4c65-931d-bfd0e39a950d,2023-01-22 13:44:22,Other,,0.95,12:46,13:24,4.48,45.0,0,102,"","",
adedd790-9195-4148-80d7-2fefbf6a49a9,2023-01-22 11:09:48,Other,,0.85,9:51,11:39,5.15,48.0,0,109,"","",
f604fde4-817a-4ee1-a180-95bd9e81565e,2023-01-22 10:47:42,Other,,0.85,10:53,12:51,4.67,44.0,0,109,"","",
99941b7c-fc3c-44b0-97b8-eb65d321fa8c,2023-01-22 10:37:37,Other,,0.68,7:40,11:13,5.35,44.0,0,121,"","",
0e24727d-e443-48a1-9b58-32745730b49f,2023-01-22 04:46:08,Other,,1.21,17:11,14:13,4.22,57.0,0,97,"","",
20c57c51-db64-43a4-835e-91342df5b52f,2023-01-21 15:12:20,Other,,2.51,27:32,10:58,5.47,169.0,0,124,"","",
44f2ff4f-a4de-4eb6-9abb-1d36165dd2e5,2023-01-19 18:58:48,Other,,1.09,12:02,11:04,5.42,63.0,0,128,"","",
236d9285-e5d5-4d3a-8f45-88872cadc06a,2023-01-19 06:55:46,Other,,0.45,8:57,19:48,3.03,49.0,0,111,"","",
aad80720-f63c-4e2e-a36e-6f35108b0e4f,2023-01-18 18:05:19,Other,,0.64,6:29,10:12,5.89,27.0,0,110,"","",
1db7e492-757d-44fd-9609-415ebead6916,2023-01-18 17:43:08,Other,,0.80,7:54,9:51,6.09,41.0,0,116,"","",
3f0f1438-ca8e-44b3-9f7c-608e614978d3,2023-01-18 17:20:20,Other,,0.56,9:31,16:52,3.56,39.0,0,103,"","",
dfa7479f-e44f-496b-9b6b-47c2771c12aa,2023-01-17 14:15:30,Other,,1.07,11:55,11:10,5.37,51.0,0,111,"","",
676a39d3-0deb-493e-b368-c3720c0c805f,2023-01-17 14:02:20,Other,,0.62,6:02,9:45,6.16,35.0,0,123,"","",
21d15b7f-54d8-443b-949f-d81606d60ce8,2023-01-16 17:48:21,Other,,0.61,9:00,14:45,4.07,34.0,0,105,"","",
85eb7fe4-8200-40f6-8d58-55c385f8dc7c,2023-01-16 13:15:26,Other,,1.34,17:25,12:59,4.62,81.0,0,114,"","",
8e0c6e15-0169-494c-8e60-490847809a71,2023-01-15 18:22:00,Other,,0.46,8:14,18:06,3.32,33.0,0,105,"","",
ff832e91-f520-4c47-a1e7-a3241c15dd79,2023-01-15 18:17:05,Other,,0.43,4:52,11:21,5.29,13.0,0,93,"","",
cbbc91b3-db7f-4d6a-8932-96ac21bdc43e,2023-01-15 14:19:24,Other,,4.52,26:03,5:46,10.41,237.0,0,152,"","",
10db0e49-b1e4-4cad-b4b6-eb7930627391,2023-01-15 09:09:05,Other,,1.10,14:33,13:15,4.53,55.0,0,104,"","",
cf040195-be29-4205-81cc-75cb4679db25,2023-01-15 08:54:16,Other,,0.33,6:17,18:52,3.18,18.0,0,92,"","",
323c6e13-e541-4728-a2d3-11f3f12294ae,2023-01-14 11:52:02,Other,,1.61,18:20,11:22,5.28,72.0,0,104,"","",
76d5b523-5866-4d1b-b47f-ccd2143106e1,2023-01-14 08:59:55,Other,,1.21,15:44,13:01,4.61,130.0,0,146,"","",
860aa4ae-0800-464a-98e9-8f9adaf87bd1,2023-01-12 19:07:51,Other,,1.00,10:45,10:44,5.59,50.0,0,108,"","",
6b80233a-a2c3-4ad8-b1ce-d96f3caa0f6a,2023-01-11 19:06:50,Other,,2.67,17:03,6:24,9.39,104.0,0,138,"","",
251730ca-06ae-4331-8385-6e29f27a3373,2023-01-11 17:34:19,Other,,0.57,8:26,14:54,4.03,31.0,0,103,"","",
6f676a54-f8af-410a-b70d-e89f7c6ec49c,2023-01-10 19:20:42,Other,,0.34,7:29,22:01,2.73,41.0,0,112,"","",
445eb844-cf0f-45b1-8d76-203694602ad5,2023-01-10 18:57:31,Other,,1.52,16:50,11:05,5.41,99.0,0,117,"","",
f5600394-b950-4013-acf1-cb6fe57221aa,2023-01-10 16:04:35,Other,,0.43,10:43,24:42,2.43,26.0,0,88,"","",
02425658-e701-4be9-b73f-407fc99b6659,2023-01-09 19:52:01,Other,,0.50,4:34,9:12,6.52,35.0,0,135,"","",
1721bc7b-bb21-4938-b053-579cd8712d3f,2023-01-09 14:04:04,Other,,1.27,16:06,12:38,4.75,94.0,0,122,"","",
2d1eaedb-d9d9-4dfc-8619-3bbc7970ebd4,2023-01-09 07:15:45,Other,,0.68,11:00,16:15,3.69,66.0,0,132,"","",
235f7494-34e7-4d20-b6f6-14530a73d666,2023-01-08 13:21:22,Other,,0.52,7:45,14:59,4.00,51.0,0,123,"","",
5da5d486-bd93-4f90-a3b8-e7e9540939fe,2023-01-08 11:49:46,Other,,0.85,9:48,11:31,5.21,51.0,0,113,"","",
b4bf3fed-31f5-438b-8676-de8f0c67d063,2023-01-08 11:31:45,Other,,0.98,11:20,11:35,5.18,55.0,0,116,"","",
53729210-8e9e-4706-b7df-18f9d0df4599,2023-01-08 08:27:22,Other,,0.77,9:48,12:40,4.74,36.0,0,108,"","",
aa5c0552-063c-42f2-8413-4cc4affc4673,2023-01-06 17:22:40,Other,,1.15,12:51,11:13,5.35,0.0,0,0,"","",
1fb42fcf-eba5-46e8-bf95-22eeb9460a28,2023-01-06 16:15:48,Other,,1.21,15:10,12:32,4.79,0.0,0,0,"","",
0e1f07b2-a9ba-4a32-8756-3e181ccda7f2,2023-01-06 08:58:55,Other,,1.18,16:46,14:15,4.21,27.0,0,99,"","",
26ed2958-aa52-49c3-8250-330b3798a3fe,2023-01-05 18:01:54,Other,,0.77,8:45,11:26,5.25,41.0,0,107,"","",
2c890ef4-76ee-44cc-a553-5f5a0e1f70e9,2023-01-05 17:29:54,Other,,0.51,6:57,13:36,4.41,28.0,0,108,"","",
dfbfa59b-6696-42d5-aed4-e661c0178bff,2023-01-05 11:41:47,Other,,0.62,7:25,11:57,5.02,46.0,0,120,"","",
ff0bac85-870d-4847-8e78-91b25e8d8dd4,2023-01-04 21:10:02,Other,,0.24,5:45,23:52,2.51,40.0,0,143,"","",
05293fc3-ee45-4cc1-9a78-1f5ba9db8e56,2023-01-04 17:23:42,Other,,1.56,18:34,11:53,5.05,69.0,0,99,"","",
5a595f32-d55e-4723-93d1-316aae001a04,2023-01-04 12:08:25,Other,,0.63,6:28,10:17,5.84,29.0,0,113,"","",
bfc9f2a7-475f-4978-959a-760a5df5dbff,2023-01-03 19:39:16,Other,,1.08,12:14,11:18,5.31,47.0,0,104,"","",
e99e4d90-7739-4743-8269-e41caaec4c10,2023-01-03 19:26:02,Other,,0.82,8:40,10:38,5.64,43.0,0,108,"","",
29454b97-a332-47e2-bb99-506440328fd8,2023-01-03 19:17:53,Other,,0.20,2:14,11:24,5.27,15.0,0,115,"","",
f579bf3d-24c8-4662-9cfd-9df442bc7a7e,2023-01-02 21:58:16,Other,,0.00,2:41,,,9.0,0,89,"","",
29c88758-8fd8-4e66-a72e-a4d9078c556c,2023-01-02 10:42:22,Other,,0.65,9:08,14:02,4.28,28.0,0,95,"","",
821da2df-d549-4dc6-affa-7cb6d1f1a6e0,2023-01-01 16:43:54,Other,,0.31,6:01,19:17,3.11,21.0,0,97,"","",
dc47c5f0-8bba-403c-9c9a-59ea43a9e420,2023-01-01 16:30:35,Other,,0.98,9:59,10:11,5.89,83.0,0,128,"","",
aefa52e9-0bff-400a-81a2-d6f29a8b3259,2022-12-31 12:20:24,Other,,0.54,7:21,13:44,4.37,27.0,0,101,"","",
36fe836c-a3cb-4b25-b110-e805513a0a8f,2022-12-31 11:49:53,Other,,2.74,29:18,10:42,5.61,122.0,0,107,"","",
c7cf44f5-3110-494d-ba35-8eb42edd7ec8,2022-12-31 08:52:16,Other,,0.00,2:01,,,2.0,0,91,"","",
bfbc977c-44db-4f6b-9bfc-380077ca2b79,2022-12-30 17:57:35,Other,,1.16,14:43,12:41,4.73,83.0,0,116,"","",
5d786028-0d1f-49ee-85f5-d719d81164a3,2022-12-29 19:43:12,Other,,1.64,10:44,6:32,9.19,70.0,0,138,"","",
d71433ed-fddb-4e83-b00c-672289992716,2022-12-29 17:38:39,Other,,1.31,16:53,12:51,4.67,74.0,0,115,"","",
eff2025b-a94f-4a9e-8d8f-cf6911aad219,2022-12-29 10:02:32,Other,,0.96,9:25,9:48,6.12,63.0,0,135,"","",
09a49ef9-2c10-4677-89e0-8ca32d8888c2,2022-12-29 09:18:31,Other,,0.82,7:18,8:57,6.71,47.0,0,135,"","",
d4f38b19-4858-40a8-b77e-52b4b6d2e3aa,2022-12-28 19:21:31,Other,,0.89,9:43,10:55,5.50,43.0,0,103,"","",
ebda0c5c-941e-44a7-b390-25e349576ae3,2022-12-28 19:09:53,Other,,0.90,9:26,10:26,5.75,43.0,0,112,"","",
c224509b-c997-41c9-9e20-b9970c4ae6e9,2022-12-28 07:12:48,Other,,0.67,12:56,19:18,3.11,46.0,0,94,"","",
b69172a1-fd28-4814-a0d4-5a94dc63be75,2022-12-27 23:53:38,Other,,0.63,10:44,17:02,3.52,30.0,0,91,"","",
f68561dc-5670-49bf-abed-6a0c32054300,2022-12-27 23:13:31,Other,,0.09,4:58,56:26,1.06,17.0,0,112,"","",
05a27f83-8199-4601-8c9a-761962014afb,2022-12-27 17:21:29,Other,,1.06,11:17,10:40,5.62,39.0,0,107,"","",
4ba836d3-edbb-4222-b451-e0995ef66b05,2022-12-27 07:42:58,Other,,0.53,9:10,17:18,3.47,40.0,0,110,"","",
983b08f8-2e63-4385-83e1-69583c2671e6,2022-12-26 15:44:33,Other,,1.78,18:40,10:30,5.72,110.0,0,135,"","",
9e0d8e47-9970-474c-8e50-d176e8804607,2022-12-26 15:33:33,Other,,0.64,8:01,12:27,4.82,20.0,0,89,"","",
82a8d2b9-c5ae-41ad-b819-046827f5aa49,2022-12-26 10:12:52,Other,,0.51,7:18,14:17,4.20,11.0,0,90,"","",
8196052e-faf1-4070-aa53-a59f0452e8ba,2022-12-25 06:59:14,Other,,0.94,13:29,14:22,4.17,70.0,0,120,"","",
b840fefc-2736-4634-a3eb-dc2f4c59baed,2022-12-24 21:44:58,Other,,0.40,6:57,17:30,3.43,31.0,0,107,"","",
4d9c899b-70a7-4e10-b733-f330fb7129ff,2022-12-24 19:02:25,Other,,0.43,6:08,14:22,4.18,29.0,0,110,"","",
1f1a8dda-95a5-47cd-8137-fb273a8cef58,2022-12-24 18:56:12,Other,,0.50,6:11,12:26,4.82,15.0,0,98,"","",
401572cb-53b2-4abc-8279-dab2af4b2be3,2022-12-24 11:21:33,Other,,1.39,16:14,11:42,5.13,46.0,0,97,"","",
54784081-53fd-487a-9b9c-2265a47edbf4,2022-12-24 08:54:01,Other,,0.62,8:48,14:12,4.23,35.0,0,121,"","",
be52f252-04b8-4e93-a6a0-9dbcfb25b0bf,2022-12-23 19:41:04,Other,,1.34,18:20,13:43,4.38,60.0,0,95,"","",
80b40e14-ddb3-40fe-977c-85b06456409c,2022-12-23 14:39:01,Other,,0.59,6:38,11:10,5.37,34.0,0,115,"","",
48c3ebba-f39e-4ec3-93ad-a59daf3f489c,2022-12-23 14:18:33,Other,,1.11,12:01,10:52,5.52,64.0,0,113,"","",
d1111922-d253-4fae-a4aa-3adab44b79ae,2022-12-22 17:55:49,Other,,0.98,12:34,12:53,4.66,83.0,0,127,"","",
3a372c22-618c-4cdd-b286-27778a7f5761,2022-12-21 18:56:20,Other,,0.11,1:06,9:39,6.22,3.0,0,110,"","",
22fedbea-6111-4559-86be-7daf29b810a0,2022-12-21 18:41:21,Other,,1.48,14:57,10:06,5.94,79.0,0,118,"","",
b96b26b0-23d3-4b92-be29-4d662934b553,2022-12-21 18:29:48,Other,,0.90,10:03,11:10,5.37,53.0,0,115,"","",
a85f969c-9f03-41cd-a651-3f528fa3c5ad,2022-12-21 17:19:48,Other,,0.00,1:33,,,1.0,0,80,"","",
b27e22bd-d3b3-4e09-bed7-662f29fb3149,2022-12-21 17:07:56,Other,,0.05,3:34,77:32,0.77,13.0,0,97,"","",
76d7cd1b-c139-4791-98ef-4ecc68910f0e,2022-12-21 07:00:53,Other,,0.84,10:37,12:37,4.76,54.0,0,115,"","",
47870fc8-1d30-4d78-885a-a3058cb4d73b,2022-12-20 16:14:40,Other,,0.65,7:54,12:05,4.97,43.0,0,124,"","",
0bc65581-2f5a-4f0b-a467-227fbf144fbb,2022-12-20 16:05:43,Other,,0.78,8:29,10:56,5.49,31.0,0,96,"","",
35194053-f217-487e-9889-ecb4b661d5f9,2022-12-20 10:49:47,Other,,0.46,6:01,13:06,4.58,24.0,0,100,"","",
6ab0f783-4f40-4adc-8b73-84b8afe2bcc6,2022-12-20 06:24:21,Other,,0.60,9:00,15:05,3.98,34.0,0,102,"","",
7b4ae30d-5d3f-4f4c-9a99-25de3258053c,2022-12-19 16:41:27,Other,,3.52,38:16,10:52,5.52,168.0,0,115,"","",
5b758243-f0d9-4986-a2df-e3b06ad4128a,2022-12-19 11:09:49,Other,,0.62,8:35,13:49,4.34,31.0,0,99,"","",
ffe5e42f-841d-40cd-adc6-71f3ad0bd1cc,2022-12-19 09:57:25,Other,,2.33,24:54,10:43,5.60,112.0,0,116,"","",
80d5bce1-36b6-4683-ace5-10d97e397f8a,2022-12-18 13:40:38,Other,,1.53,15:58,10:26,5.75,67.0,0,110,"","",
c92ddad1-277e-40b9-ab03-8e91609aeb44,2022-12-18 10:53:40,Other,,2.40,28:20,11:50,5.07,117.0,0,106,"","",
3c2741ef-5e9f-4078-af1f-859b9073325d,2022-12-17 13:55:35,Other,,1.01,11:54,11:46,5.10,52.0,0,107,"","",
e31902dc-f471-4480-9f36-1d4f5bd66e24,2022-12-17 13:48:00,Other,,0.49,6:05,12:23,4.84,39.0,0,123,"","",
9c719b5d-98e6-402f-ad45-3acb3706d0d5,2022-12-17 12:41:45,Other,,0.16,5:54,37:06,1.62,22.0,0,110,"","",
857a59ed-e421-492d-87fe-ba8b6f22aea9,2022-12-17 09:08:07,Other,,0.89,12:10,13:39,4.39,55.0,0,112,"","",
8847790f-3487-4f7d-bd19-5c927fffccb7,2022-12-16 17:32:39,Other,,3.10,33:37,10:52,5.52,171.0,0,114,"","",
8086ac8c-9f7c-4f78-9f4f-f3c2bb6a60db,2022-12-16 17:11:53,Other,,1.44,15:35,10:48,5.56,72.0,0,113,"","",
df3ec019-8283-4675-a082-9a59a339bbc7,2022-12-16 11:31:55,Other,,0.45,6:08,13:38,4.40,25.0,0,101,"","",
d3225d22-725f-48d4-b3de-cfca4954a1d8,2022-12-16 06:35:51,Other,,0.64,8:51,13:45,4.37,29.0,0,101,"","",
25bb3792-9c05-4c1d-b427-4f218bb4014b,2022-12-15 17:56:22,Other,,3.54,37:56,10:44,5.59,150.0,0,105,"","",
3fcd9db1-d75c-475f-aa03-ca39cf53ab1d,2022-12-14 18:00:31,Other,,0.66,8:20,12:42,4.72,35.0,0,101,"","",
08db6d49-3920-4cab-9924-ecd87f3ab689,2022-12-14 17:52:17,Other,,0.59,7:23,12:26,4.83,26.0,0,99,"","",
3a75ac15-cca1-4dd8-9bf0-f1128a4fcd42,2022-12-14 17:22:49,Other,,1.25,18:21,14:38,4.10,72.0,0,98,"","",
eeb621bb-2ac8-4db6-bc6c-015261d2e479,2022-12-14 07:04:13,Other,,0.39,6:15,16:09,3.72,26.0,0,105,"","",
4e6fbe5c-e672-4e30-a31f-15b82c8318c5,2022-12-13 18:37:51,Other,,0.45,6:28,14:22,4.18,21.0,0,96,"","",
a05b8617-1348-45e5-8042-14e5bfbf657b,2022-12-13 18:06:42,Other,,0.00,2:31,,,6.0,0,80,"","",
f821a691-0506-45d7-8225-2c1e0bbf6b28,2022-12-13 11:53:57,Other,,0.62,7:30,12:07,4.95,18.0,0,94,"","",
a872d89e-af6c-4c5d-84fe-95b702d0e840,2022-12-13 10:54:48,Other,,0.49,7:07,14:26,4.16,24.0,0,91,"","",
f8bc1820-4cca-4db9-af36-a727e4f92b87,2022-12-12 19:23:59,Other,,2.43,14:37,6:02,9.96,122.0,0,143,"","",
f443481a-2687-4253-bdb4-132cc6e25f04,2022-12-12 16:55:31,Other,,2.12,22:42,10:44,5.59,113.0,0,118,"","",
4dd1aa58-7956-43b9-979c-971bcf6f347c,2022-12-12 16:44:09,Other,,0.91,10:30,11:30,5.22,49.0,0,117,"","",
7573a116-90fc-4b0e-bd47-ca3e411deae3,2022-12-12 09:12:18,Other,,0.45,6:50,15:07,3.97,31.0,0,114,"","",
fbdd784e-62a6-4e39-b9b7-7fcc2fa3b3c4,2022-12-12 09:02:07,Other,,0.85,9:00,10:34,5.68,29.0,0,111,"","",
f088b78b-013a-4928-b8eb-ef5a13b4250e,2022-12-11 18:15:12,Other,,1.12,11:17,10:05,5.95,53.0,0,120,"","",
3052b55f-de9a-4581-b61a-61a46b032854,2022-12-11 17:51:24,Other,,0.48,6:14,13:07,4.57,23.0,0,101,"","",
5d74e11a-0112-4ab4-9e57-8710e996e863,2022-12-10 14:57:40,Other,,0.88,9:26,10:46,5.57,61.0,0,127,"","",
b3a77883-45f5-45b7-a474-108b4245de38,2022-12-10 14:04:08,Other,,2.11,21:59,10:26,5.75,92.0,0,108,"","",
65952514-1882-48d7-9ce2-83876f25791c,2022-12-09 21:51:04,Other,,0.78,7:53,10:06,5.94,35.0,0,105,"","",
a4331515-f356-4ccb-a94b-1af3530262ed,2022-12-09 16:53:00,Other,,1.02,11:22,11:07,5.40,54.0,0,114,"","",
6205652c-0d3e-44e7-b38c-c7da4a50e3a6,2022-12-08 19:56:38,Other,,0.84,9:51,11:39,5.15,48.0,0,116,"","",
893685b3-2e39-4c08-b2e9-b86273e3d6d6,2022-12-08 09:23:31,Other,,0.09,5:04,58:55,1.02,15.0,0,91,"","",
3d8d1d0b-ec41-4625-96c6-35372c51eae2,2022-12-08 07:13:36,Other,,0.20,6:11,31:23,1.91,24.0,0,109,"","",
29f3f9fd-181f-4f15-a0b8-48ab72ba80da,2022-12-07 11:43:43,Other,,0.60,6:04,10:03,5.97,30.0,0,110,"","",
f3ae40a8-f2bb-45c0-bbd8-0a17eb2cf2e5,2022-12-06 19:43:36,Other,,0.00,0:05,,,-1.0,0,0,"","",
d22a1e38-5106-4dc1-8d8b-5761448a0615,2022-12-06 19:32:05,Other,,1.09,10:22,9:32,6.30,41.0,0,106,"","",
3ccf2d7a-656f-4020-866b-9e1ccc3a1e9a,2022-12-06 12:58:30,Other,,0.58,5:35,9:41,6.20,26.0,0,115,"","",
42ea2aa2-32b8-459a-bd3f-23acb037c072,2022-12-06 11:45:01,Other,,0.70,6:51,9:49,6.11,32.0,0,118,"","",
386bfd4c-a8fb-4a0d-8ea6-b3c7f4b9b391,2022-12-06 07:10:48,Other,,0.34,8:57,26:01,2.31,28.0,0,100,"","",
2e931dc3-2934-4cd9-ad72-c1aae7074364,2022-12-05 18:14:33,Other,,1.74,19:18,11:06,5.41,97.0,0,113,"","",
58380a04-ad18-4b91-833f-1b4d93e8cb8a,2022-12-05 17:52:12,Other,,1.32,13:02,9:51,6.09,57.0,0,109,"","",
5447fe3f-e845-4915-b255-a219e4f88137,2022-12-05 14:38:44,Other,,0.35,6:22,18:02,3.33,33.0,0,119,"","",
31a5612f-2cbc-4880-89d6-561fb2484b37,2022-12-05 14:25:23,Other,,1.02,11:49,11:32,5.20,41.0,0,99,"","",
7a5f8e3b-a85d-4644-ac4d-c4eb2a9e0f71,2022-12-05 14:23:04,Other,,0.22,2:17,10:31,5.70,11.0,0,114,"","",
fb5e1988-861c-40fa-843f-acc7ae25c23e,2022-12-05 14:16:44,Other,,0.51,6:06,11:58,5.02,29.0,0,110,"","",
756db777-df60-4dcb-9be2-8cca8c98fc62,2022-12-05 09:46:30,Other,,1.15,13:45,11:56,5.03,67.0,0,111,"","",
2e3629ea-7d4f-4295-bc5b-c5649103d02a,2022-12-04 17:20:16,Other,,0.20,6:07,30:54,1.94,40.0,0,125,"","",
fae8d551-3db1-472b-8aac-f3fa997f6a91,2022-12-04 13:35:06,Other,,1.19,13:21,11:13,5.35,89.0,0,125,"","",
0963d758-963e-47f4-914f-0736b067e53c,2022-12-04 12:07:33,Other,,0.80,8:14,10:16,5.84,33.0,0,111,"","",
9dc4b52f-73fa-4493-a752-650ce4ef58b0,2022-12-04 10:09:29,Other,,0.48,6:40,13:53,4.32,25.0,0,116,"","",
b47b2ae4-5e88-46f3-8be5-9dbc263befdc,2022-12-04 09:55:08,Other,,0.98,9:49,10:03,5.97,39.0,0,115,"","",
5e6b261d-8493-41e1-8e72-38fb24a24788,2022-12-03 14:36:08,Other,,6.55,1:09:45,10:39,5.63,336.0,0,112,"","",
75d2d7f5-a9d6-4560-9d95-d1e9e4bc59ae,2022-12-03 09:19:25,Other,,1.16,14:49,12:50,4.68,69.0,0,116,"","",
1ba02822-ba50-49b2-8ee8-3a2064f2e4c3,2022-12-02 18:02:03,Other,,0.68,7:58,11:39,5.15,37.0,0,106,"","",
39718614-3f54-447d-8cf6-7b5183bb7558,2022-12-02 07:13:28,Other,,0.12,8:46,73:03,0.82,0.0,0,0,"","",
dd5f646e-b405-410f-9dc1-2319248be590,2022-05-21 18:49:11,Walking,,6.99,1:43:34,14:49,4.05,445.0,131,,"","",2022-05-21-184911.gpx
8ed9d6d0-1d49-41fb-b34b-af8aa68ed47f,2022-03-23 19:29:42,Walking,,5.06,1:15:32,14:55,4.02,320.0,91,,"","",2022-03-23-192942.gpx
bf201a7b-af2c-423c-b318-ae561b6b2cfb,2022-03-09 14:12:46,Walking,,4.42,48:35,11:00,5.45,278.0,55,,"","",2022-03-09-141246.gpx
300a8172-316d-40c9-a456-d2880655a05c,2021-01-30 15:07:56,Walking,,4.00,1:01:10,15:17,3.93,246.0,58,,"","",2021-01-30-150756.gpx
5f61a14f-decd-470e-9c34-ff8e14acda56,2021-01-25 13:27:50,Walking,,9.33,1:29:20,9:34,6.27,479.0,134,,"","",2021-01-25-132750.gpx
1e2e1d46-ab86-4b6d-b83e-8d2d0c900df5,2021-01-12 07:39:19,Walking,,2.90,34:52,12:00,5.00,178.0,29,,"","",2021-01-12-073919.gpx
d93eb84a-885a-4f40-be32-30f7280d082d,2021-01-07 18:25:32,Walking,,5.09,1:14:34,14:39,4.09,319.0,91,,"","",2021-01-07-182532.gpx
dfab3516-7ba9-4cb0-9c4f-6f0e21a711f8,2020-06-17 09:35:52,Walking,,4.36,1:05:26,15:00,4.00,293.0,88,,"","",2020-06-17-093552.gpx
ee15b112-1730-4024-b104-31dc66b2acd9,2019-10-27 09:59:55,Walking,,5.27,1:07:34,12:49,4.68,335.0,109,,"","",2019-10-27-095955.gpx
5ad3bf58-4049-4dc5-a914-3c6f05334d69,2019-02-20 12:10:20,Walking,,1.62,23:16,14:21,4.18,98.0,11,,"","",2019-02-20-121020.gpx
5b188af2-ced0-4370-baff-53fd4251f2a6,2019-02-12 17:05:12,Walking,,3.35,36:57,11:02,5.44,206.0,65,,"","",2019-02-12-170512.gpx
74eb0bcb-ded9-4080-b312-5c5e0f4b35e6,2019-02-12 07:17:03,Walking,,3.38,32:07,9:31,6.30,216.0,26,,"","",2019-02-12-071703.gpx
c89836c0-b680-44b0-8366-9bae969b03da,2019-02-11 17:22:34,Walking,,2.29,24:07,10:33,5.68,147.0,45,,"","",2019-02-11-172234.gpx
3120cd3e-f69d-482b-807d-d5bd021b3dc2,2019-02-11 16:44:32,Walking,,2.71,34:29,12:43,4.72,163.0,51,,"","",2019-02-11-164432.gpx
0ef705f6-a849-447c-8da6-0cd0e89d9b36,2018-11-27 14:58:35,Walking,,1.40,21:04,15:02,3.99,94.0,41,,"","",2018-11-27-145835.gpx
49c0e64e-907d-4099-a74e-d7b44685188d,2018-11-27 13:01:04,Walking,,4.47,47:05,10:32,5.69,277.0,70,,"","",2018-11-27-130104.gpx
8da3574c-6fcc-4f3e-bca7-889d3422da9c,2018-11-26 15:07:10,Walking,,0.82,11:24,13:55,4.31,57.0,38,,"","",2018-11-26-150710.gpx
64298242-688e-40d4-b24f-5566141b6262,2018-11-26 14:32:48,Walking,,0.83,11:29,13:52,4.33,45.0,0,,"","",2018-11-26-143248.gpx
3c51c317-ac32-4b48-941a-1b6de1505aae,2018-11-26 10:48:01,Walking,,1.70,20:06,11:51,5.06,99.0,6,,"","",2018-11-26-104801.gpx
78e3615a-62bd-4de7-81b1-f9785766ee7b,2018-11-25 13:28:13,Walking,,4.51,50:23,11:10,5.37,263.0,84,,"","",2018-11-25-132813.gpx
b4f18504-b8ca-4e8e-9c29-9047463beba3,2018-11-23 16:00:00,Walking,,1.52,10:00,6:35,9.11,123.0,3,,"","",2018-11-23-160000.gpx
897d50bf-9dac-4ac1-a829-9bcdc0575882,2018-11-22 07:21:18,Walking,,3.53,34:04,9:40,6.21,215.0,28,,"","",2018-11-22-072118.gpx
cacdcd57-b870-418e-811e-129f1f621c08,2018-11-21 17:18:32,Walking,,3.36,32:42,9:44,6.16,216.0,62,,"","",2018-11-21-171832.gpx
7d17bbf8-945a-468c-919c-e3493f1354c9,2018-11-20 17:18:49,Walking,,3.38,35:00,10:22,5.78,215.0,62,,"","",2018-11-20-171849.gpx
d7a1a153-ee20-496a-a135-c52232e098e7,2018-11-19 17:03:43,Walking,,3.48,36:00,10:22,5.79,215.0,62,,"","",2018-11-19-170343.gpx
4ec64c5b-4598-404e-9944-62e97b980ae6,2018-11-19 07:15:40,Walking,,3.43,33:31,9:46,6.15,220.0,26,,"","",2018-11-19-071540.gpx
b54b2532-2240-4910-8699-5fb5cd122583,2018-11-18 15:22:02,Cycling,,11.35,35:37,3:08,19.12,274.0,123,,"","",2018-11-18-152202.gpx
51d9b74a-5921-4e41-9f31-f1b516fe0626,2018-11-16 14:14:30,Walking,,2.98,30:44,10:19,5.82,185.0,59,,"","",2018-11-16-141430.gpx
25baee19-948d-49b7-a5fe-a26f51f7f2e3,2018-11-14 11:44:20,Walking,,1.75,26:14,14:59,4.00,106.0,18,,"","",2018-11-14-114420.gpx
fb448fef-96a9-4775-bfb0-f8909a64d8d0,2018-11-13 17:03:03,Walking,,3.84,43:51,11:26,5.25,242.0,63,,"","",2018-11-13-170303.gpx
65477279-8053-40e9-81b9-796c0ac7b429,2018-11-13 07:11:34,Walking,,3.48,37:00,10:38,5.64,201.0,27,,"","",2018-11-13-071134.gpx
0908ed04-9acd-4130-900e-344fdd060e56,2018-11-12 12:00:00,Walking,,1.48,20:00,13:33,4.43,81.0,4,,"","",2018-11-12-120000.gpx
69c24318-438a-444c-b1bd-14f65fc9e417,2018-11-12 07:35:00,Cycling,,3.43,13:11,3:50,15.62,68.0,10,,"","",2018-11-12-073500.gpx
27cf7ce3-6c76-4403-af00-2c23c2c42072,2018-11-10 23:42:21,Cycling,"Cykla till herr Larsson",2.48,13:00,5:15,11.44,69.0,19,,"","",2018-11-10-234221.gpx
6a1cc1f0-8ddb-44b7-b10a-40ee926c3db1,2018-11-10 18:55:00,Cycling,,2.48,13:00,5:15,11.44,69.0,19,,"","",2018-11-10-185500.gpx
cfbb717a-3036-488c-9ad2-7f663abd7905,2018-11-10 15:07:27,Cycling,,14.79,49:28,3:21,17.93,357.0,153,,"","",2018-11-10-150727.gpx
f1275291-71fd-4795-b8c3-7463dd796e61,2018-11-09 15:09:27,Walking,,3.42,35:14,10:19,5.82,211.0,62,,"","",2018-11-09-150927.gpx
5e450e3d-90cd-4f52-960a-07a742d44f9d,2018-11-09 11:59:41,Walking,,2.25,24:31,10:54,5.51,131.0,18,,"","",2018-11-09-115941.gpx
1e2a88ea-0536-42ef-aa11-eee9ff79c403,2018-11-09 07:32:58,Walking,,3.47,35:00,10:05,5.95,210.0,26,,"","",2018-11-09-073258.gpx
c82fa525-9da8-4d78-9fe6-5d72f43abd8f,2018-11-08 20:31:00,Walking,,3.53,40:07,11:22,5.28,190.0,46,,"","",2018-11-08-203100.gpx
80a150da-4fcd-40ca-97f6-972caa6abedc,2018-11-08 11:45:00,Walking,,1.07,14:37,13:39,4.40,61.0,9,,"","",2018-11-08-114500.gpx
917ca189-bad6-4c2a-8757-8f262f60fc65,2018-11-08 06:58:44,Walking,,3.42,34:19,10:02,5.98,205.0,27,,"","",2018-11-08-065844.gpx
151cd7c5-695c-4cbb-98c8-7bbe5f8c0791,2018-11-06 11:54:02,Walking,,1.29,17:15,13:22,4.49,74.0,13,,"","",2018-11-06-115402.gpx
74ad04cd-0d6b-4bdc-8e81-70a79a3153fa,2018-11-06 05:54:04,Cycling,,3.47,11:23,3:17,18.29,81.0,28,,"","",2018-11-06-055404.gpx
f964ee68-6e34-45e7-a9c8-39aaf3d325f1,2018-11-05 20:45:08,Cycling,,4.57,17:13,3:46,15.90,114.0,59,,"","",2018-11-05-204508.gpx
1fd2e3d9-7207-449f-84a1-4912d1332fae,2018-11-05 17:02:46,Walking,,3.51,37:01,10:33,5.69,223.0,59,,"","",2018-11-05-170246.gpx
95e4b072-7958-49ae-a6fd-5eb1ac1e9073,2018-11-05 07:11:12,Walking,,3.51,35:01,9:58,6.02,214.0,28,,"","",2018-11-05-071112.gpx
0864eb70-6059-49b8-aa4c-a520d63c8725,2018-11-04 15:15:47,Walking,,8.13,1:25:31,10:31,5.70,446.0,133,,"","",2018-11-04-151547.gpx
cebd3f4f-084d-4dcc-b836-114922768206,2018-10-30 17:45:35,Walking,,3.50,35:34,10:10,5.90,221.0,63,,"","",2018-10-30-174535.gpx
ee1fbd5d-f579-41bb-9483-a0f9638329dc,2018-10-30 07:22:07,Walking,,3.45,33:41,9:46,6.15,213.0,24,,"","",2018-10-30-072207.gpx
c63d2c54-1493-403e-9c58-4a6efaf4ee84,2018-10-29 17:03:52,Walking,,1.78,20:22,11:29,5.23,111.0,26,,"","",2018-10-29-170352.gpx
b2a39860-f4ad-4b84-87f0-4e9d2a40d8d7,2018-10-29 07:19:31,Walking,,3.42,33:29,9:48,6.12,209.0,27,,"","",2018-10-29-071931.gpx
cce82d97-f4c0-4d15-aaa7-59ed8e6fa771,2018-10-28 15:09:15,Walking,,1.87,19:07,10:15,5.85,119.0,44,,"","",2018-10-28-150915.gpx
860f6e74-d215-4b39-829f-e915fa9183fd,2018-10-28 12:46:02,Walking,,4.33,58:38,13:32,4.43,260.0,76,,"","",2018-10-28-124602.gpx
5bbf249d-50e8-4de5-8ac5-bed6affa88a0,2018-10-26 13:38:31,Walking,,2.90,31:09,10:44,5.59,171.0,53,,"","",2018-10-26-133831.gpx
1ab22a49-9169-4de3-86cd-a5c0e4c0a108,2018-10-26 06:29:59,Walking,,3.44,36:16,10:32,5.70,204.0,27,,"","",2018-10-26-062959.gpx
84d2be30-56bc-4bbd-ac86-08bce241a5dc,2018-10-23 17:21:48,Walking,,6.30,1:08:20,10:51,5.53,381.0,126,,"","",2018-10-23-172148.gpx
3c0ecfe6-c7f2-4cf2-b53d-9ed2dd5f1b54,2018-10-22 18:46:23,Walking,,2.88,29:41,10:19,5.81,193.0,51,,"","",2018-10-22-184623.gpx
1b2cf62d-00f3-4534-99f8-3f0975ca5297,2018-10-22 17:03:55,Cycling,,3.42,17:20,5:04,11.83,118.0,62,,"","",2018-10-22-170355.gpx
e9694a4d-4822-40c8-9964-4e01132e86c5,2018-10-20 18:14:17,Cycling,,11.33,37:53,3:21,17.93,288.0,125,,"","",2018-10-20-181417.gpx
26db8fdd-f56d-4811-9f5b-1ac4d90e1cbb,2018-10-19 18:58:18,Walking,,3.08,35:21,11:28,5.23,186.0,53,,"","",2018-10-19-185818.gpx
67a4138d-dd31-4b42-b1f7-23380d126b33,2018-10-19 15:03:52,Walking,,3.61,50:54,14:06,4.26,218.0,25,,"","",2018-10-19-150352.gpx
8ca5ca7d-d1fc-471c-9a98-370ad3eb1a34,2018-10-17 17:14:25,Walking,,2.73,30:26,11:10,5.37,261.0,54,,"","",2018-10-17-171425.gpx
ad3b1562-2fe2-43bb-b359-b8477ee9b842,2018-10-17 11:40:35,Walking,,1.13,11:03,9:50,6.10,70.0,3,,"","",2018-10-17-114035.gpx
0cf1e91d-0faf-4422-a03b-85b951cdc0e5,2018-10-17 07:58:34,Walking,,3.56,34:03,9:33,6.28,220.0,28,,"","",2018-10-17-075834.gpx
dfb6453b-1fa1-4891-aa84-c4376a6732f9,2018-10-16 11:44:48,Walking,,2.03,20:43,10:12,5.88,155.0,23,,"","",2018-10-16-114448.gpx
f497889b-2614-4daa-8c0b-80c9fe952454,2018-10-15 17:06:40,Cycling,,3.52,21:19,6:04,9.90,139.0,61,,"","",2018-10-15-170640.gpx
f2c23cae-2303-472e-be12-d865c1912f1e,2018-10-12 19:58:38,Walking,,2.63,29:42,11:17,5.32,165.0,53,,"","",2018-10-12-195838.gpx
076fe827-a5ab-4bf6-8e7b-f102d7774a24,2018-10-11 07:19:13,Walking,,3.46,33:02,9:32,6.29,215.0,29,,"","",2018-10-11-071913.gpx
316112aa-1c9c-4d9a-95f5-1d182b939dff,2018-10-08 17:29:54,Cycling,,1.88,7:44,4:07,14.58,55.0,44,,"","",2018-10-08-172954.gpx
3fa6e4d4-6f87-4c2d-b6f5-690819abd7b8,2018-10-08 17:06:52,Walking,,1.17,13:54,11:56,5.03,73.0,24,,"","",2018-10-08-170652.gpx
f5af6a90-1654-4992-987c-b76c61facd79,2018-10-04 17:05:50,Walking,,3.39,41:57,12:23,4.85,224.0,63,,"","",2018-10-04-170550.gpx
51e056a4-b3e7-4ed6-9413-1c070008e061,2018-10-02 07:06:07,Walking,,3.52,35:42,10:09,5.91,210.0,27,,"","",2018-10-02-070607.gpx
be8cb888-3e9b-4178-a8dd-5db63ca92ee9,2018-09-05 19:18:38,Walking,,2.78,28:39,10:18,5.83,179.0,39,,"","",2018-09-05-191838.gpx
5148b5a0-b007-4eb4-8001-1e937d441950,2018-07-21 20:32:20,Walking,,2.79,34:22,12:20,4.87,164.0,42,,"","",2018-07-21-203220.gpx
6491314c-0a97-40f5-956a-4320795ad0d9,2018-06-14 06:41:40,Walking,,3.36,34:04,10:09,5.92,207.0,28,,"","",2018-06-14-064140.gpx
60bfd496-3563-4e3a-90f1-36cc4c8f43e5,2018-06-13 17:42:12,Running,,2.13,19:00,8:55,6.73,161.0,23,,"","",2018-06-13-174212.gpx
8564741f-e46c-4edd-a244-4524ea18e290,2018-06-07 06:26:45,Running,,2.85,18:06,6:21,9.45,236.0,42,,"","",2018-06-07-062645.gpx
52c4c2ae-1ccc-4c1d-b84a-ddbff2d46410,2018-06-01 06:00:00,Running,"Eljussp친ret",2.71,20:00,7:23,8.12,208.0,41,,"","",2018-06-01-060000.gpx
acc02dac-caf5-4885-85c9-1b7ee582473b,2018-05-04 20:38:01,Walking,,2.71,26:46,9:54,6.06,185.0,41,,"","Kunde springa n친gra meter 칛ven om det inte var m친nga 游",2018-05-04-203801.gpx
4d4e5eb0-ebea-4a7f-8e15-ec8b05fdd837,2018-04-29 20:08:19,Walking,,2.75,29:16,10:40,5.63,177.0,42,,"","",2018-04-29-200819.gpx
aae06afb-aa7d-4fd8-8bc7-d42d8eaa65fa,2018-04-08 17:54:04,Walking,,4.23,42:16,10:00,6.00,257.0,51,,"","",2018-04-08-175404.gpx
c2306b63-8dba-4ded-948e-c4ad6031b8d6,2018-03-29 17:35:49,Walking,,3.99,43:10,10:49,5.54,256.0,72,,"","",2018-03-29-173549.gpx
56333c2e-09fd-40f5-a869-4858aec0fb2c,2017-09-06 07:20:59,Walking,,3.53,33:44,9:33,6.28,214.0,28,,"","",2017-09-06-072059.gpx
26c72699-4dbf-45e4-9e87-0ae23e89d95a,2017-08-26 21:45:02,Running,,10.26,1:10:04,6:50,8.78,844.0,168,,"","",2017-08-26-214502.gpx
eb497a5e-bd1f-42f0-a736-3b4247ae76cb,2017-06-26 18:33:47,Walking,,5.26,1:02:38,11:55,5.04,333.0,85,,"","",2017-06-26-183347.gpx
985c77b7-61ea-4054-97ba-a94b3fa4e641,2017-06-21 18:02:39,Running,,4.71,49:08,10:26,5.75,325.0,74,,"","",2017-06-21-180239.gpx
2cddb28d-b763-4799-a993-23c88e1964b7,2017-06-13 17:35:56,Running,,6.85,47:14,6:54,8.70,554.0,79,,"","",2017-06-13-173556.gpx
634ce10e-4a8d-4ac6-8ad1-a4c97efaf13f,2017-06-10 20:22:19,Running,,10.01,1:03:17,6:20,9.49,830.0,106,,"","",2017-06-10-202219.gpx
9a7a05ec-d9ec-468e-b787-04f0e4bb3305,2017-06-07 18:14:14,Running,,2.73,21:14,7:48,7.70,218.0,53,,"","",2017-06-07-181414.gpx
7ec7f6d4-acad-4b3a-abc6-3edb72bc253b,2017-06-05 18:26:17,Running,,7.85,57:56,7:23,8.13,631.0,94,,"","",2017-06-05-182617.gpx
1eafcf4e-f29b-461e-b371-254ad6c02dbb,2017-05-31 18:13:37,Running,,5.09,31:54,6:16,9.57,419.0,72,,"","",2017-05-31-181337.gpx
634b4e98-5118-4d4c-9953-75a53acf0cc5,2017-05-29 17:31:39,Running,,5.07,32:50,6:29,9.26,414.0,69,,"","",2017-05-29-173139.gpx
186bf83c-5567-41d4-bafd-09df0b560810,2017-05-24 18:42:20,Running,,10.01,1:07:30,6:45,8.90,813.0,104,,"","",2017-05-24-184220.gpx
a660583f-94b1-4bc4-b28b-cedeeb7f3c93,2017-04-09 16:53:45,Running,,10.04,58:16,5:48,10.33,826.0,104,,"","",2017-04-09-165345.gpx
8d39bb20-ea7c-401b-8a5a-296ae9fa82b1,2017-04-05 19:30:00,Running,,10.00,1:05:13,6:31,9.20,827.0,70,,"","",2017-04-05-193000.gpx
ffb0f46d-3cd3-415d-a1c7-facd19ef5df7,2017-04-03 11:44:24,Running,,4.86,28:20,5:50,10.29,400.0,49,,"","",2017-04-03-114424.gpx
1452b77c-7f08-434b-a34a-87573cc3b247,2017-03-30 11:39:29,Running,,4.86,29:23,6:03,9.91,399.0,45,,"","",2017-03-30-113929.gpx
9db2bbed-2398-4de5-af97-d21332c4ee32,2017-03-27 11:59:16,Running,,4.95,30:41,6:12,9.67,396.0,22,,"","",2017-03-27-115916.gpx
12599784-328f-4bcb-9524-609dc68ceff1,2017-02-03 17:42:36,Running,,5.73,34:19,6:00,10.01,473.0,55,,"","",2017-02-03-174236.gpx
346cb959-dd97-437b-9468-d79188cbe1d3,2017-01-30 17:49:05,Running,,5.71,35:40,6:15,9.61,467.0,45,,"","Tiden 칛r uppskattning d친 klockan hade st칛ngt av sig...",2017-01-30-174905.gpx
e5a67d31-0652-4c84-a401-fa49d1a6944d,2017-01-24 17:49:30,Running,,4.98,36:57,7:25,8.09,386.0,50,,"","",2017-01-24-174930.gpx
a6c5208c-d821-4b23-abbe-b62f7d63e174,2017-01-17 14:26:30,Walking,,5.61,1:00:18,10:45,5.58,355.0,74,,"","",2017-01-17-142630.gpx
15ed046e-6d63-43b5-8919-a6fa08c928cd,2016-12-24 11:23:59,Running,,7.97,51:11,6:25,9.35,673.0,114,,"","Backarna var inte roliga...  :P",2016-12-24-112359.gpx
1847be34-d417-4a2b-8d79-3db5512e0b0b,2016-12-21 17:51:12,Running,,7.93,49:48,6:17,9.56,642.0,44,,"","Regnigt och bl친sigt men jag tog mig runt! :)",2016-12-21-175112.gpx
94d6f2f9-fae4-4ef5-9cf7-1f7bd41da4b8,2016-12-19 17:58:20,Running,,7.97,54:12,6:48,8.82,642.0,45,,"","",2016-12-19-175820.gpx
b391bc03-ef5f-40e0-980c-a5530da33d6c,2016-12-15 17:52:00,Running,,8.03,54:36,6:48,8.83,707.0,227,,"","",2016-12-15-175200.gpx
0a59b946-3c5f-4e0c-852d-8708fe4febde,2016-12-12 13:42:46,Walking,,7.91,1:24:09,10:39,5.64,483.0,64,,"","Friskv친rdsprommenad i solen. Trodde det skulle vara betydligt l칛ngre 칛n 8 km... :P",2016-12-12-134246.gpx
ca5634f9-4125-4d24-8555-9f240b891dba,2016-12-10 15:06:57,Running,,5.75,35:23,6:09,9.75,472.0,51,,"","",2016-12-10-150657.gpx
85171ca2-30aa-4e3f-94b9-d52d19e03017,2016-11-21 19:07:08,Running,,5.20,40:15,7:44,7.75,382.0,48,,"","Fick ont i h칬gerbenet s친 fick g친 en bra bit.... :(",2016-11-21-190708.gpx
a3c94c42-3d08-4c0d-90a5-81123220bb7d,2016-11-10 17:31:53,Running,,5.10,31:23,6:09,9.74,425.0,57,,"","",2016-11-10-173153.gpx
5a30ffd5-1a5a-4a44-9c9a-a663be13a883,2016-11-07 18:06:07,Running,,5.67,35:40,6:18,9.53,468.0,51,,"","F칬rsta passet efter f칬rkylningen. Tog det lugnt...",2016-11-07-180607.gpx
a4f72bb1-211e-47f4-9c2e-d8a73ff87b04,2016-10-24 17:48:16,Running,,10.82,1:07:19,6:13,9.64,877.0,86,,"","",2016-10-24-174816.gpx
2dced264-42bb-43f7-9636-9358a8612ab2,2016-10-17 17:49:29,Running,,10.57,1:05:55,6:14,9.62,863.0,94,,"","",2016-10-17-174929.gpx
617aab9f-8361-4eef-919c-a289eed4d30f,2016-10-13 17:34:00,Running,,10.49,1:02:48,5:59,10.03,864.0,101,,"","F칬rsta g친ngen under 6min/km! Heja mig! :)",2016-10-13-173400.gpx
ebd660a0-afac-45ba-94a6-7a3d7d28dff9,2016-10-11 18:00:53,Running,,10.58,1:05:01,6:09,9.76,868.0,99,,"","",2016-10-11-180053.gpx
59dcb003-ca39-4779-8dda-24ceb4156ae7,2016-10-09 13:20:11,Running,,4.97,29:17,5:54,10.18,407.0,41,,"","",2016-10-09-132011.gpx
18ad43f2-b2a2-405c-8a87-f42926790fd8,2016-10-04 18:24:16,Running,,5.67,33:08,5:51,10.27,463.0,49,,"","",2016-10-04-182416.gpx
322d9439-6e0b-435f-b0a9-e2d693aeee56,2016-09-30 18:06:07,Running,,10.50,1:04:24,6:08,9.78,867.0,102,151,"","",2016-09-30-180607.gpx
6aeb1218-1ece-43a3-a67a-b633200f98ac,2016-09-27 17:58:01,Running,,4.97,35:51,7:12,8.33,385.0,49,,"","Hatar n칛r man f친r h친ll!",2016-09-27-175801.gpx
c46ad3f8-c3a5-40e0-9b6c-1f7f0723e901,2016-09-22 18:28:40,Running,,10.54,1:04:44,6:08,9.77,874.0,110,148,"","",2016-09-22-182840.gpx
1d0c3e6e-8c92-409e-bb39-c549054693a6,2016-09-20 18:46:51,Running,,10.68,1:10:13,6:35,9.12,884.0,110,144,"","Gl칬mde st칛nga av s친 01:07 st칛mmer b칛ttre",2016-09-20-184651.gpx
0ccc51ea-6776-4927-abf6-c1ce4ff17832,2016-09-17 11:07:34,Running,,17.52,2:28:50,8:30,7.06,1345.0,0,,"Daniel Andersson,","",
38619369-5cd4-47f7-b89f-414d21b814f4,2016-09-16 20:45:46,Running,,7.69,47:35,6:11,9.70,670.0,0,,"Daniel Andersson,","",
1788b1a1-2a6c-4ea9-9a15-8ed0eaecbd24,2016-09-13 17:52:25,Running,,9.84,1:06:39,6:46,8.86,809.0,88,139,"","",2016-09-13-175225.gpx
5a7f209f-1340-493b-aa09-2a305c446dd5,2016-09-10 09:57:29,Running,,4.97,28:21,5:42,10.52,406.0,45,157,"","",2016-09-10-095729.gpx
8506d04f-705e-4074-bc8c-2eac70b47658,2016-09-08 18:00:54,Running,,9.89,1:03:51,6:27,9.30,817.0,89,135,"","K칪vet idag! Svettigt v칛rre!",2016-09-08-180054.gpx
bd35b61b-85be-4e2a-85f1-d0a3cd3cdf9a,2016-09-06 18:07:23,Running,,9.88,1:05:11,6:36,9.09,812.0,90,134,"","",2016-09-06-180723.gpx
d2b1ae1a-825d-4b26-8caf-56c7b4c3c179,2016-09-03 11:06:38,Running,,6.65,52:00,7:49,7.67,506.0,88,,"","Sprang fel s친 jag fick stanna och orientera mig. D칛rav det l친ga tempot...",2016-09-03-110638.gpx
9ff7775c-bde9-493b-96f3-1f381e37b250,2016-08-31 18:22:47,Running,,9.95,1:07:22,6:46,8.86,812.0,97,138,"","",2016-08-31-182247.gpx
ad96ef61-ea9a-4eea-99f0-263118eca76a,2016-08-29 17:38:15,Running,,5.31,35:05,6:36,9.08,422.0,48,138,"","T칛nkte springa en mil men det gick bara inte. Ett varv runt munksj칬n fick r칛cka...",2016-08-29-173815.gpx
71432fdb-d851-4a2b-85e7-38f6e130270c,2016-08-27 10:17:43,Running,,10.01,1:08:05,6:48,8.82,815.0,90,144,"","F칬rsta f칬rs칬ket p친 milen. :)",2016-08-27-101743.gpx
5f212cec-1100-4996-9a70-446f3974155d,2016-08-24 06:09:56,Running,,5.01,30:04,6:00,10.00,428.0,40,141,"","",2016-08-24-060956.gpx
4d2340e5-9481-41b2-929e-390ee0cc44be,2016-08-22 06:56:38,Running,,5.91,38:45,6:34,9.15,494.0,82,,"","",2016-08-22-065638.gpx
7d43692f-36a8-4d03-b92e-3d1865ab58c7,2016-08-18 18:00:55,Running,,5.01,31:05,6:12,9.67,414.0,45,145,"","Sjukt segt idag. Kanske motvinden p친verkade? J칛drans vad det bl친ste idag...",2016-08-18-180055.gpx
5547bcf0-5b46-4a5d-8f0c-695e2690e5cb,2016-08-16 06:22:27,Running,,5.05,31:04,6:10,9.74,418.0,52,,"","",2016-08-16-062227.gpx
8c1e085d-ab1c-45bf-a787-c9de8392ec22,2016-08-14 21:26:14,Running,,5.21,31:51,6:07,9.82,423.0,43,156,"","",2016-08-14-212614.gpx
8f5e7b66-528d-4406-8bc9-52979e9823e5,2016-08-12 06:02:31,Running,,5.76,34:39,6:01,9.96,479.0,67,,"","Knappt n친gon h친ll idag. Sk칬nt!",2016-08-12-060231.gpx
1e6d2311-3a24-4421-9831-07a76267867d,2016-08-10 18:03:35,Running,,5.85,48:19,8:16,7.26,429.0,68,,"","H친ll och illam친ende. Betyder att det f칬rmodligen g친r b칛ttre n칛sta g친ng!游",2016-08-10-180335.gpx
a8c9a9d0-3ed1-47eb-9f4f-cd57f317bde9,2016-08-08 06:15:39,Running,,5.15,31:23,6:06,9.85,425.0,49,,"","",2016-08-08-061539.gpx
7d1b4ba3-6ed4-416f-9a9b-8a676e5f376e,2016-07-29 06:14:33,Running,,5.19,31:43,6:07,9.81,428.0,52,,"","",2016-07-29-061433.gpx
824a1699-e132-40fa-b151-52efc6c39adb,2016-07-27 06:03:07,Running,,5.17,30:27,5:53,10.19,427.0,52,,"","Segt idag",2016-07-27-060307.gpx
9331b20e-e829-46d1-9a4c-1adff3dacef0,2016-07-25 06:02:21,Running,,5.19,30:42,5:55,10.14,428.0,53,,"","D칛r att den! 5km utan att stanna eller g친!",2016-07-25-060221.gpx
17e672ad-b6e1-4384-bd1e-e5b00bda6bb9,2016-07-22 18:10:28,Running,,5.82,44:48,7:42,7.79,455.0,83,,"","",2016-07-22-181028.gpx
d86bd107-5ba6-4964-83ef-d9d43a62c8ed,2016-07-20 06:29:25,Running,,5.14,33:10,6:27,9.30,415.0,50,,"","",2016-07-20-062925.gpx
d6f39ba1-a797-412d-af04-a5a2516aec8d,2016-07-18 17:38:18,Running,,5.20,34:41,6:40,8.99,395.0,48,,"","",2016-07-18-173818.gpx
2c04d49c-5242-4998-9a0a-8fb0e95ebdb3,2016-07-15 18:41:33,Running,,5.97,47:01,7:52,7.62,455.0,85,,"","H친ll, ont i v칛nsterfoten, ont baksida l친r sedan f칬rra passet MEN jag genomf칬rde!",2016-07-15-184133.gpx
b6b6c995-39f6-4cfd-90b4-b675633e9359,2016-07-13 17:30:01,Running,,5.21,38:29,7:23,8.12,380.0,53,,"","",2016-07-13-173001.gpx
010ebc33-e5eb-4c69-8386-fae0b7b753bb,2016-07-06 20:44:21,Walking,,2.77,28:46,10:22,5.78,166.0,17,,"","",2016-07-06-204421.gpx
5395aa4f-40df-4d1f-bf3b-a46bb6fca598,2016-06-20 17:58:28,Walking,,4.89,50:05,10:15,5.85,310.0,71,,"","",2016-06-20-175828.gpx
b36fae08-6591-4db7-b8b6-4692cc5fe2c5,2016-06-09 17:43:34,Walking,,2.27,21:49,9:37,6.24,150.0,34,,"","",2016-06-09-174334.gpx
ec402531-fe39-436c-b6a0-d60f7556d505,2016-06-08 12:36:50,Walking,,3.26,30:58,9:30,6.31,208.0,33,,"","",2016-06-08-123650.gpx
2425c0a6-7d12-41fe-abee-9f622887e534,2016-06-07 18:21:15,Walking,,3.37,35:21,10:29,5.72,200.0,30,,"","",2016-06-07-182115.gpx
8de5e2f2-9f6f-4596-b1ba-9c38f6a8ce20,2016-06-07 07:27:52,Walking,,3.21,30:11,9:24,6.38,204.0,28,,"","",2016-06-07-072752.gpx
4dcc25eb-db5a-4d1e-be26-d590aeddbe56,2016-06-03 17:13:28,Walking,,3.47,31:04,8:57,6.70,229.0,32,,"","",2016-06-03-171328.gpx
b6dc753c-4c97-4757-ada3-f9a6d7e91cca,2016-06-03 07:21:56,Walking,,3.27,29:31,9:02,6.65,217.0,29,,"","",2016-06-03-072156.gpx
414962e0-da41-4c24-bff0-3e3ee869acb2,2016-06-01 17:05:58,Walking,,3.40,30:49,9:03,6.62,230.0,32,,"","",2016-06-01-170558.gpx
edfd81b4-dc32-4a43-96af-0dd0d24b082b,2016-06-01 07:25:28,Walking,,3.35,30:53,9:14,6.50,217.0,30,,"","",2016-06-01-072528.gpx
02667e6b-7b52-44a1-bd72-8a3c4494ee60,2016-05-26 17:41:17,Walking,,3.35,37:19,11:09,5.38,215.0,62,,"","",2016-05-26-174117.gpx
6b209d86-59f6-4b7a-9dfb-5bde0f0a9795,2016-05-25 07:18:43,Walking,,3.31,28:44,8:42,6.90,228.0,31,,"","",2016-05-25-071843.gpx
a0847a05-f8c0-46eb-b2f4-199f8dffd9be,2016-05-24 17:03:41,Walking,,3.37,31:30,9:22,6.41,216.0,31,,"","",2016-05-24-170341.gpx
b417faa7-d981-46ea-a5c8-a5525b26fed0,2016-05-24 07:26:38,Walking,,3.20,30:12,9:26,6.36,206.0,25,,"","",2016-05-24-072638.gpx
7dc397f8-6537-45d7-8069-1f1f35b702c4,2016-05-19 16:21:07,Walking,,3.16,32:30,10:17,5.84,186.0,22,,"","",2016-05-19-162107.gpx
ba0947e9-2fc9-4bca-8ad9-ad31f1ef2a85,2016-05-12 15:37:19,Walking,,2.58,25:16,9:47,6.13,163.0,13,,"","",2016-05-12-153719.gpx
f49cafc1-58f2-4d80-ba11-44fa50551ef6,2016-05-09 18:47:33,Walking,,5.25,51:33,9:50,6.10,326.0,52,,"","",2016-05-09-184733.gpx
89a33ae9-82a2-43d8-9693-80f57cb0d884,2016-04-27 07:32:34,Walking,,3.25,29:08,8:59,6.68,213.0,31,,"","",2016-04-27-073234.gpx
e7c05297-6168-4343-bf37-6217602539a5,2016-04-26 17:03:56,Walking,,3.32,32:45,9:51,6.09,206.0,31,,"","",2016-04-26-170356.gpx
10258caf-4ac8-4cb3-8018-0cd70a8f2cf2,2016-04-25 07:21:20,Walking,,3.12,28:23,9:07,6.58,205.0,31,,"","",2016-04-25-072120.gpx
21c1c2bf-67b4-4075-9243-66617b03751f,2016-04-21 17:06:59,Walking,,3.25,30:29,9:23,6.39,205.0,28,,"","",2016-04-21-170659.gpx
6d54633f-647b-4a30-946a-13762d96e65f,2016-04-21 07:25:23,Walking,,3.26,29:21,9:00,6.67,218.0,31,,"","",2016-04-21-072523.gpx
c45372ca-c903-4a34-89a9-3c5d12195309,2016-04-20 17:28:41,Walking,,3.18,30:42,9:40,6.20,200.0,28,,"","",2016-04-20-172841.gpx
d591833b-b16a-4cee-b11d-2c7c67deffda,2016-04-15 17:11:38,Walking,,3.00,27:48,9:17,6.46,194.0,31,,"","",2016-04-15-171138.gpx
14296bd5-2a1e-491d-a26d-f6bd0344551c,2016-04-13 17:06:42,Walking,,3.30,31:17,9:30,6.32,217.0,63,,"","",2016-04-13-170642.gpx
8a88da03-45dc-4f23-b3f0-381bc1f69690,2016-04-13 07:29:46,Walking,,3.49,33:25,9:35,6.26,222.0,34,,"","",2016-04-13-072946.gpx
c2f60537-b25b-45ad-8919-efdec4bf802f,2016-04-01 12:41:11,Walking,,1.35,12:35,9:18,6.45,87.0,11,,"","",2016-04-01-124111.gpx
15782d99-1628-40c6-a37d-fd7ddad015f7,2016-03-30 13:31:34,Walking,,5.30,50:06,9:27,6.35,332.0,41,,"","",2016-03-30-133134.gpx
1327f6a9-f49a-4574-85de-5fed334f7dad,2016-03-23 14:18:39,Walking,,3.16,31:07,9:50,6.10,194.0,19,,"","",2016-03-23-141839.gpx
7e77877b-cb16-4370-8f3b-50f169a782cc,2016-03-16 17:14:29,Walking,,3.66,37:10,10:10,5.90,227.0,39,,"","",2016-03-16-171429.gpx
210bef0f-a699-4856-8b6e-f98001df4a35,2016-03-14 12:36:53,Walking,,1.35,12:42,9:23,6.39,81.0,12,,"","",2016-03-14-123653.gpx
73cd9b98-638f-4d5c-9f8c-f7365b44c732,2016-03-09 16:14:43,Walking,,3.11,30:07,9:41,6.19,192.0,17,,"","",2016-03-09-161443.gpx
84a37bef-4227-451c-afe8-3e2239c3e536,2016-03-08 11:43:01,Walking,,1.35,13:01,9:38,6.23,85.0,12,,"","",2016-03-08-114301.gpx
9bddc650-7763-400a-8ee1-42da49da963e,2016-03-03 17:02:28,Walking,,3.34,31:00,9:17,6.46,217.0,31,,"","",2016-03-03-170228.gpx
5060cb8c-d3b2-420f-b6ee-20540cab8e3b,2016-02-26 17:35:07,Walking,,3.28,31:58,9:46,6.15,205.0,31,,"","",2016-02-26-173507.gpx
a9e71f51-2093-4920-870c-0d0b0fee1b13,2016-02-24 15:13:57,Walking,,3.58,34:45,9:42,6.18,219.0,37,,"","",2016-02-24-151357.gpx
869adbba-966e-4c0c-bf6d-ac23e2420a6d,2016-02-23 11:47:28,Running,,2.50,15:00,6:00,10.00,173.0,0,,"","Stod upp vid skrivbordet i 3h10min vilket enligt appen Matting (standup) skulle motsvara 2.5 km jogging med 173 kalories f칬rbr칛nning",
05227f58-46b4-4812-babc-13acd7075548,2016-02-22 17:05:50,Walking,,3.28,30:54,9:26,6.36,207.0,32,,"","",2016-02-22-170550.gpx
46430338-a5ad-49a8-9216-8ecfb5095fd6,2016-02-21 10:56:32,Walking,,6.55,1:00:13,9:12,6.53,422.0,59,,"","",2016-02-21-105632.gpx
b4ae6264-aae8-4aa4-b6d5-b38431e5439e,2016-02-19 16:18:43,Walking,,3.93,49:00,12:28,4.82,246.0,29,,"","",2016-02-19-161843.gpx
1443f36d-470a-405d-8337-c4398e383c71,2016-02-18 17:07:40,Walking,,3.45,33:31,9:43,6.17,217.0,31,,"","",2016-02-18-170740.gpx
437a7c34-f872-4c51-95ad-71878b25fc26,2016-02-17 13:07:36,Walking,,2.93,27:49,9:29,6.33,186.0,13,,"","",2016-02-17-130736.gpx
ebbfdb21-f362-465c-b0e4-00a1887cc17b,2016-02-15 17:32:44,Walking,,3.47,32:10,9:16,6.48,227.0,32,,"","",2016-02-15-173244.gpx
436bd1df-78e8-48da-a74b-aab445abb821,2016-02-14 14:26:04,Walking,,3.30,32:10,9:46,6.15,203.0,23,,"","",2016-02-14-142604.gpx
f287e89e-a8d2-4825-b040-c59be23feaec,2016-02-11 17:03:20,Walking,,3.48,33:39,9:41,6.20,221.0,37,,"","",2016-02-11-170320.gpx
22e4be05-cff6-4f69-ba6c-b10533e232ac,2016-02-10 16:37:00,Walking,,3.14,35:00,11:09,5.38,166.0,14,,"","",2016-02-10-163700.gpx
88cd0057-9d5f-44df-bc15-b46e88c9fa2e,2016-02-09 11:05:38,Walking,,2.43,24:12,9:58,6.02,149.0,23,,"","",2016-02-09-110538.gpx
a3da895b-5194-4adb-b950-37a4981e50d8,2016-02-07 20:25:00,Walking,,5.55,53:48,9:41,6.19,325.0,25,,"","Fick ta bort aktiviteteten som telefonen gjorde eftersom den var helt fel. Lade upp denna manuellt ist칛llet.",2016-02-07-202500.gpx
710e311c-556d-4906-b2b7-8b9d3b9d29c1,2016-02-04 17:13:00,Walking,,4.00,37:00,9:15,6.48,273.0,32,,"","",2016-02-04-171300.gpx
3dbedd5d-7df6-45c6-b6c8-310eab75ac40,2016-02-03 16:22:05,Walking,,3.86,35:43,9:15,6.49,269.0,35,,"","",2016-02-03-162205.gpx
19d1dcfc-e98b-4951-bc45-e64641a6a3f4,2016-02-01 17:18:53,Walking,,3.97,38:09,9:37,6.24,241.0,36,,"","",2016-02-01-171853.gpx
1bb792e9-28c9-45b9-921a-16e5cfd0233f,2016-01-26 17:11:24,Walking,,3.36,32:21,9:38,6.23,228.0,36,,"","",2016-01-26-171124.gpx
970a5908-ce06-4453-8584-e99db32fbed0,2016-01-25 17:37:30,Walking,,3.54,36:35,10:21,5.80,226.0,37,,"","",2016-01-25-173730.gpx
be0e2dcf-b37c-446c-ba8e-b481af444eee,2016-01-24 14:17:48,Walking,,3.25,32:40,10:03,5.97,216.0,41,,"","",2016-01-24-141748.gpx
50cffb58-207d-4b44-82dd-d75b5923889f,2016-01-18 17:17:49,Walking,,2.57,25:02,9:44,6.16,178.0,19,,"","",2016-01-18-171749.gpx
33c8f5c0-e341-45a4-8093-8cffa3b0f321,2016-01-13 14:48:06,Walking,,5.30,53:07,10:01,5.99,355.0,46,,"","",2016-01-13-144806.gpx
569a1615-151d-46b6-8434-e442affa1b94,2016-01-06 11:20:39,Walking,,4.46,50:42,11:22,5.27,305.0,74,,"","",2016-01-06-112039.gpx
cd31f1e5-77fe-4f49-8b87-6291223e60f6,2016-01-05 14:48:47,Walking,,1.99,20:15,10:12,5.88,134.0,33,,"","",2016-01-05-144847.gpx
21fd008d-c528-4fbe-8d25-25daefd8c23f,2016-01-03 14:43:53,Walking,,3.95,37:20,9:27,6.35,269.0,33,,"","Provg친tt hem fr친n jobbet",2016-01-03-144353.gpx
a54be52e-03af-4c2c-9180-f9ff61697670,2016-01-01 12:50:56,Walking,,2.03,35:48,17:36,3.41,138.0,30,,"","",2016-01-01-125056.gpx
6cc8a7a9-5b9b-482d-8e94-69f7a44cc3de,2015-12-30 14:41:13,Walking,,1.70,17:56,10:33,5.68,123.0,71,,"","",2015-12-30-144113.gpx
6d31ee6b-4aaf-4c9f-a1e3-143731e4f772,2015-12-30 14:17:28,Walking,,1.40,14:34,10:24,5.77,87.0,0,,"","",2015-12-30-141728.gpx
d87e2dd4-24af-4e49-8824-da285224cb24,2015-12-20 14:40:31,Walking,,3.20,31:43,9:54,6.06,221.0,33,,"","",2015-12-20-144031.gpx
98d79202-761b-4c8a-a6de-c26b4d9a8408,2015-12-19 14:16:08,Walking,,2.97,30:22,10:14,5.87,196.0,23,,"","",2015-12-19-141608.gpx
667e2a14-b69a-4d69-9fc6-0d55faea9da6,2015-12-17 18:32:25,Walking,,3.08,33:39,10:57,5.48,190.0,18,,"","",2015-12-17-183225.gpx
32c8a05d-ef4f-457a-ad97-ecbfd8c08872,2015-12-16 12:10:04,Walking,,5.27,50:16,9:32,6.30,354.0,54,,"","",2015-12-16-121004.gpx
4abbf9df-6b5e-429f-82c1-b88f96d69e02,2015-12-15 14:14:32,Walking,,4.43,50:18,11:21,5.29,299.0,76,,"","",2015-12-15-141432.gpx
1f7be01c-1573-4f1f-84dc-c298e6292b21,2015-12-14 12:20:31,Walking,,3.18,33:14,10:27,5.74,197.0,22,,"","",2015-12-14-122031.gpx
9dd2e6c0-bfdd-4594-8451-39dfbe2f25b5,2015-12-13 14:50:06,Walking,,3.41,38:06,11:10,5.37,221.0,32,,"","",2015-12-13-145006.gpx
6775f433-7d4d-4b73-971f-3bc6402d329c,2015-12-12 10:22:18,Walking,,2.97,32:28,10:56,5.49,187.0,17,,"","",2015-12-12-102218.gpx
e4944eee-372b-4965-91e7-2f41c88a0796,2015-12-11 18:15:26,Walking,,5.15,52:42,10:14,5.87,335.0,48,,"","",2015-12-11-181526.gpx
10ec9e23-e474-45e7-bebf-da8b0276dac3,2015-12-07 15:02:33,Walking,,3.12,32:30,10:26,5.76,205.0,22,,"","",2015-12-07-150233.gpx
bdd0ba3c-5151-491a-b36c-029d32749dcc,2015-12-03 12:12:02,Walking,,3.00,30:01,9:59,6.01,196.0,20,,"","",2015-12-03-121202.gpx
27d65ffb-ee65-4efc-b8d4-fd2ae99bd30f,2015-12-02 17:02:08,Walking,,2.80,32:09,11:29,5.22,181.0,20,,"","",2015-12-02-170208.gpx
905b5338-8c65-4885-ad81-89dff07b5589,2015-12-01 11:20:22,Walking,,5.19,52:21,10:06,5.94,338.0,49,,"","",2015-12-01-112022.gpx
c29a2a4c-4c2a-4293-8659-b2583827d527,2015-11-26 08:46:15,Walking,,3.32,36:23,10:58,5.47,222.0,57,,"","",2015-11-26-084615.gpx
34560484-6dcc-453a-8eeb-a8cd0135b9aa,2015-11-25 12:59:07,Walking,,9.68,47:20,4:53,12.27,366.0,71,,"","",2015-11-25-125907.gpx
6fc7fc71-81d6-48fe-9cde-1fda75140c92,2015-11-23 14:56:09,Walking,,2.91,30:19,10:25,5.76,197.0,20,,"","",2015-11-23-145609.gpx
e284d0e9-9cee-4ed8-952c-9ef50fccbd67,2015-11-22 14:42:54,Walking,,5.19,1:12:02,13:52,4.32,348.0,108,,"","Kylig men h칛rlig s칬ndagspromenad med mamma.",2015-11-22-144254.gpx
364b3436-eadf-404c-aa4f-5c6109b771de,2015-11-20 13:25:40,Walking,,2.99,30:31,10:12,5.88,197.0,41,,"","",2015-11-20-132540.gpx
e83c7f34-ccfa-451f-8582-af243817cb9d,2015-11-18 15:15:13,Walking,,5.19,50:20,9:42,6.18,337.0,45,,"","",2015-11-18-151513.gpx
f3007e0f-f23a-4966-9ad6-47860d383561,2015-11-17 13:48:24,Walking,,1.20,12:55,10:48,5.56,77.0,5,,"","",2015-11-17-134824.gpx
9a671403-4df6-4330-9d54-daeea0c8bb60,2015-11-14 13:44:52,Walking,,3.88,39:22,10:09,5.91,247.0,72,,"","Promenad med pappa",2015-11-14-134452.gpx
29cb6749-eb6d-4876-adb4-235fd39f38c8,2015-11-12 14:52:06,Walking,,5.07,1:00:09,11:51,5.06,339.0,98,,"","",2015-11-12-145206.gpx
a8a93b57-a73c-4cab-992f-b31a3a3ac4ce,2015-11-11 15:27:03,Walking,,4.91,43:49,8:56,6.72,347.0,48,,"","",2015-11-11-152703.gpx
76acf2d5-2365-4f09-8a51-1d986ad03a1d,2015-11-06 16:50:27,Walking,,3.42,32:56,9:38,6.23,227.0,47,,"","",2015-11-06-165027.gpx
2dff4d37-8afd-45fd-a05b-b94c5ed15168,2015-11-02 15:20:33,Walking,,4.83,44:25,9:12,6.52,335.0,46,,"","",2015-11-02-152033.gpx
a590bfa2-79ba-496a-8381-dddc8110f6a6,2015-10-25 14:53:43,Walking,,5.13,48:53,9:31,6.30,342.0,50,,"","",2015-10-25-145343.gpx
bb7207aa-c550-41c0-99c6-e4b4e5969627,2015-10-21 15:42:03,Walking,,5.08,49:59,9:50,6.10,357.0,77,,"","",2015-10-21-154203.gpx
450570d2-7efa-456e-a3c9-a5499ab07735,2015-10-20 17:08:27,Walking,,5.22,49:18,9:26,6.36,341.0,49,,"","",2015-10-20-170827.gpx
df03e88a-7997-43eb-9e93-156216513a8a,2015-10-15 17:15:41,Walking,,4.00,1:00,0:15,240.00,24.0,0,,"","",
5b8585fb-43f3-4bc0-9b87-0be48e5e51fe,2015-10-06 17:03:04,Walking,,4.72,50:48,10:45,5.58,323.0,67,,"","",2015-10-06-170304.gpx
100084cd-3979-4fb2-8a17-86fc2374805f,2015-09-28 15:16:07,Walking,,5.17,49:55,9:39,6.21,351.0,51,,"","Nio kilo""packning"" (mat)",2015-09-28-151607.gpx
656ec6f4-8e9d-475b-8878-af55d5e47f8c,2015-09-21 14:48:42,Walking,,6.23,1:08:48,11:03,5.43,415.0,53,,"","",2015-09-21-144842.gpx
2fb2e723-1a29-405b-a566-2284a9306e91,2015-09-16 15:01:54,Walking,,5.29,1:10:39,13:22,4.49,349.0,89,,"","",2015-09-16-150154.gpx
cc2466e3-8e66-49ed-adbb-97cb1daeed55,2015-09-15 17:28:32,Walking,,5.33,59:50,11:13,5.35,355.0,82,,"","",2015-09-15-172832.gpx
1ef7d9b8-40b0-45c5-956c-cb9f24a71b72,2015-09-06 17:06:27,Walking,,5.37,57:16,10:40,5.62,345.0,50,,"","",2015-09-06-170627.gpx
a573e195-a5a4-41f5-b3c2-0a5b2d77ca60,2015-09-03 19:44:16,Walking,,5.15,50:11,9:44,6.16,353.0,49,,"","",2015-09-03-194416.gpx
69421d0f-7359-4dc4-99bc-1b486dea728e,2015-08-25 19:09:00,Walking,,5.19,52:02,10:02,5.98,336.0,40,,"","",2015-08-25-190900.gpx
f5b08571-47ae-45c3-9a04-600b3888177b,2015-08-18 10:23:04,Walking,,2.64,22:43,8:35,6.99,184.0,3,,"","",2015-08-18-102304.gpx
7f2a3ee8-3b07-4f8f-b79c-65f36aaf1cf9,2015-08-17 10:39:57,Walking,,2.28,23:19,10:13,5.87,175.0,112,,"","",2015-08-17-103957.gpx
97b30a22-788b-4cc6-89ab-21b9f743695d,2015-08-10 18:14:10,Cycling,,9.48,28:49,3:02,19.75,223.0,39,,"","",2015-08-10-181410.gpx
9da3bd54-8339-45a9-87ab-9e00013054de,2015-08-10 17:06:06,Cycling,,4.01,15:34,3:53,15.44,118.0,65,,"","",2015-08-10-170606.gpx
080b4554-cc65-47aa-abdf-d537b4d7e7c6,2015-08-06 14:13:34,Walking,,5.52,1:10:01,12:41,4.73,364.0,48,,"","",2015-08-06-141334.gpx
47d416dd-945b-4cab-9dcd-733f0aff8a03,2015-07-30 13:59:51,Walking,,0.91,18:40,20:29,2.93,60.0,0,,"","Nedf칬r Gesundaberget...",2015-07-30-135951.gpx
713aac89-33d6-4616-81c0-3e7cc235a539,2015-07-30 12:47:41,Walking,,0.77,17:02,22:14,2.70,74.0,67,,"","",2015-07-30-124741.gpx
b637f879-f324-49fa-be83-1a5c917fe76f,2015-07-01 11:32:38,Walking,,3.11,30:41,9:52,6.09,219.0,51,,"","",2015-07-01-113238.gpx
3a215f74-ed1c-458c-897f-c8981931f695,2015-06-16 14:36:02,Walking,,3.00,36:23,12:07,4.95,190.0,53,,"","",2015-06-16-143602.gpx
a2146128-6531-4f63-8b20-50892d4659a2,2015-06-14 12:51:37,Walking,,7.08,1:12:27,10:14,5.86,501.0,119,,"","",2015-06-14-125137.gpx
8c322cd7-1d98-43fa-9d96-aaa67d3b6b0b,2015-06-06 19:26:42,Running,,7.25,1:15:12,10:22,5.79,435.0,133,,"","",2015-06-06-192642.gpx
566afc88-00cd-4ea2-be60-fedeb72bdfee,2015-06-04 15:31:26,Running,,5.43,1:04:15,11:51,5.07,346.0,113,,"","Jag och mamma gick Hesterrundan",2015-06-04-153126.gpx
a69297f7-1b07-4368-970a-2dc65117b917,2015-06-01 15:38:21,Walking,,0.03,0:00,0:00,,2.0,0,,"","",2015-06-01-153821.gpx
95216fde-624e-4794-a25c-d94ff4aaa0bd,2015-06-01 15:37:44,Walking,,0.05,0:00,0:00,,3.0,1,,"","",2015-06-01-153744.gpx
17f423bf-fc85-41f6-9c10-23b60e060e6d,2015-04-23 15:24:12,Walking,,3.96,38:50,9:48,6.12,273.0,29,,"","",2015-04-23-152412.gpx
f239f730-1367-402c-b133-6e840d081dda,2015-04-22 15:33:18,Walking,,3.98,39:50,10:01,5.99,270.0,31,,"","",2015-04-22-153318.gpx
aef06eaf-7f30-45f2-9f9e-61cff5689e66,2015-04-15 19:17:15,Walking,,1.24,12:32,10:08,5.92,80.0,4,,"","",2015-04-15-191715.gpx
0fcacc44-f7e8-4851-904b-4a53bc293449,2015-04-14 17:09:07,Walking,,3.99,44:55,11:15,5.33,260.0,32,,"","",2015-04-14-170907.gpx
d50e7427-ae6a-470e-8f54-678bdc578ccf,2015-04-10 14:33:48,Walking,,4.07,39:35,9:44,6.16,279.0,32,,"","",2015-04-10-143348.gpx
c7003268-4379-4f73-ab28-0ee0d0202a63,2015-04-05 18:13:45,Walking,,4.15,39:26,9:31,6.31,275.0,25,,"","",2015-04-05-181345.gpx
094828fd-3bbb-45b3-916b-2fd474759b0a,2015-04-02 19:36:39,Walking,,1.48,14:58,10:05,5.95,97.0,8,,"","",2015-04-02-193639.gpx
8cbeef2d-80d3-4a03-9f18-a2c153c8c262,2015-03-29 15:40:51,Walking,,3.13,32:19,10:19,5.82,205.0,25,,"","",2015-03-29-154051.gpx
e135d829-698e-4bc5-ae6f-3803ceb146ef,2015-03-28 15:19:55,Walking,,4.06,37:23,9:12,6.52,276.0,17,,"","",2015-03-28-151955.gpx
7ce2003b-3172-4a97-b9f7-aa60d91f891e,2015-03-22 16:39:41,Walking,,3.96,42:39,10:45,5.58,259.0,25,,"","",2015-03-22-163941.gpx
c354d549-dff3-4fe7-9235-7d9acf420430,2015-03-21 18:11:06,Walking,,5.99,59:36,9:57,6.03,395.0,28,,"","",2015-03-21-181106.gpx
7b5a3360-0bc0-4615-9d42-04303e86b0f2,2015-03-12 12:27:36,Walking,,5.47,56:27,10:20,5.81,353.0,37,,"","",2015-03-12-122736.gpx
4f8f16d6-9c76-414c-b56e-3c07deef65ae,2015-03-11 16:11:09,Walking,,5.83,1:10:27,12:05,4.96,367.0,39,,"","",2015-03-11-161109.gpx
454e5daf-f1bf-485c-8844-4913f96e4635,2015-03-10 15:17:38,Walking,,4.17,55:03,13:13,4.54,264.0,27,,"","",2015-03-10-151738.gpx
d3db0606-82a7-4138-8938-660b7b576ce5,2015-02-27 17:02:44,Walking,,8.84,1:41:40,11:30,5.22,564.0,71,,"","",2015-02-27-170244.gpx
46fefcdf-5f85-4452-9a1c-a7b62f5b7ac0,2015-02-22 11:46:47,Walking,,3.57,39:31,11:04,5.42,223.0,16,,"","",2015-02-22-114647.gpx
a7cd938f-45f3-4f1f-a77f-83ef9ba0bee6,2015-02-21 15:44:06,Walking,,3.75,50:27,13:27,4.46,234.0,25,,"","Utforskat lite...",2015-02-21-154406.gpx
269aa1ad-6792-4c77-8d95-ec4e061d037c,2015-02-11 09:26:37,Walking,,3.43,36:45,10:42,5.60,225.0,27,,"","",2015-02-11-092637.gpx
7654fda2-2c4e-45e8-85bd-77caede9dc2a,2015-02-10 18:15:36,Walking,,3.48,3:59:16,68:41,0.87,484.0,24,,"","Gl칬mde visst att trycka 친 stopp! :-)",2015-02-10-181536.gpx
24d26e37-27f9-4cdb-b646-25cf8a52f2af,2015-02-08 11:02:31,Walking,,2.69,44:15,16:26,3.65,177.396509148345,17,,"","",2015-02-08-110231.gpx
4cc09dc0-b0a8-4581-9a1b-625c38a5ad69,2015-01-09 16:01:58,Walking,,3.02,46:33,15:25,3.89,190.862601051248,26,,"","",2015-01-09-160158.gpx
c778e3b4-6fc9-470a-bcac-0768ca5a0dad,2015-01-06 09:26:25,Walking,,2.61,33:22,12:46,4.70,166.299740886833,23,,"","",2015-01-06-092625.gpx
5149c4eb-0668-4975-b800-dce5b2058724,2014-12-29 20:49:02,Walking,,2.93,40:42,13:55,4.31,201.037761833742,21,,"","",2014-12-29-204902.gpx
35e93111-d99a-4b44-955a-75fb107d3aad,2014-12-19 15:12:16,Walking,,2.73,31:15,11:28,5.23,190.335992774813,29,,"","",2014-12-19-151216.gpx
4e3f1400-ead4-4686-aa04-88d721f33fb8,2014-12-13 19:49:24,Walking,,4.07,42:52,10:31,5.70,264.129523636258,53,,"","",2014-12-13-194924.gpx
d8ca0710-7eff-44c5-86ea-2fa81fb659e0,2014-12-12 17:38:27,Walking,,5.07,1:08:12,13:27,4.46,334.592117582753,70,,"","",2014-12-12-173827.gpx
3be2e2c6-7091-47d7-b016-f3a69d0f1a9f,2014-12-11 16:13:36,Walking,,2.02,20:11,9:58,6.02,134.604467601627,34,,"","",2014-12-11-161336.gpx
d917fc81-80e6-429a-8716-d1e6f0bc2e0a,2014-12-11 15:28:53,Walking,,3.30,34:44,10:32,5.70,223.96077135748,17,,"","",2014-12-11-152853.gpx
ce3ec8a2-2a85-4451-9967-b8c8ad718faf,2014-12-08 20:56:21,Walking,,1.72,21:14,12:23,4.85,106.261092141168,8,,"","",2014-12-08-205621.gpx
a1a9ec83-498b-454e-b0ed-920dea80c72b,2014-11-27 14:38:38,Walking,,2.84,30:36,10:46,5.58,184.04834368063,28,,"","",2014-11-27-143838.gpx
209162df-1d0a-495d-a74b-a6767cb4ca71,2014-11-27 14:21:59,Walking,,1.20,15:08,12:37,4.76,80.2931471551433,4,,"","",2014-11-27-142159.gpx
a958bf10-a1c4-4110-9f38-c3c8f95a0a57,2014-11-26 20:12:15,Walking,,6.50,1:00:18,9:17,6.47,477.062872232131,56,,"","",2014-11-26-201215.gpx
d657946c-e83b-4bfa-af20-022f80df123d,2014-11-17 18:46:50,Walking,,2.95,30:25,10:19,5.82,196.224174811878,19,,"","Var f칬r snabb s친 d칛rav omv칛gen p친 slutet d친 m친let var att vara ute minst 30 min.",2014-11-17-184650.gpx
b18c9eb7-a741-40bd-b4ae-9238d957f943,2014-11-16 14:29:02,Walking,,3.45,45:50,13:17,4.52,238.957140119888,38,,"","",2014-11-16-142902.gpx
e16a8474-8115-4c28-8f38-1e51d2b0d01d,2014-11-12 16:59:32,Walking,,5.04,49:18,9:47,6.13,336.484227029127,45,,"","",2014-11-12-165932.gpx
ab09fd82-1b7a-42bc-b1d0-424af278d7eb,2014-11-11 10:27:39,Walking,,4.57,51:26,11:15,5.33,307.769788776001,69,,"","",2014-11-11-102739.gpx
50bc4aff-86a1-4a94-b453-d9cb56eb0c45,2014-11-04 17:10:17,Walking,,1.63,19:12,11:48,5.09,103.969221341576,9,,"","",2014-11-04-171017.gpx
